{
  "app": [
    {
      "player": {
        "x": -7.771617889404297,
        "y": 1.100000023841858,
        "z": -10.216179847717285
      }
    }
  ],
  "model": [],
  "solidground": [],
  "solidbox": [],
  "ground": [],
  "box": [],
  "image": [],
  "html": [],
  "video": [],
  "youtube": [],
  "audio": [],
  "water": [],
  "text": [
    {
      "p": {
        "x": -5.548510551452637,
        "y": 1.649999976158142,
        "z": -9.642328262329102
      },
      "r": {
        "x": 0,
        "y": 0,
        "z": 0
      },
      "txt": "Hello, world!",
      "font": "Kenney",
      "size": 1.9,
      "col": "#d61919"
    }
  ],
  "collider": []
}